,to_person_id,reference_id
0,117,11
1,105,16
2,117,16
3,520,16
4,511,18
5,117,19
6,511,19
7,520,19
8,117,20
9,511,20
10,117,21
11,117,22
12,117,23
13,117,24
14,520,24
15,267,60
16,125,67
17,125,68
18,271,69
19,214,86
20,214,87
21,214,88
22,239,109
23,501,121
24,117,153
25,262,153
26,117,164
27,117,165
28,469,180
29,202,216
30,187,217
31,187,222
32,203,227
33,289,227
34,520,234
35,105,235
36,117,235
37,117,238
38,117,239
39,9,248
40,9,249
41,399,274
42,437,274
43,399,275
44,437,275
45,399,276
46,437,276
47,546,277
48,508,283
49,416,284
50,508,284
51,416,285
52,508,285
53,217,310
54,399,310
55,437,310
56,262,316
57,481,319
58,469,320
59,117,321
60,117,339
61,117,340
62,117,341
63,469,341
64,262,355
65,469,359
66,31,360
67,117,360
68,469,360
69,117,361
70,262,361
71,469,361
72,546,362
73,117,366
74,262,368
75,520,397
76,105,398
77,511,398
78,520,398
79,117,399
80,511,399
81,520,399
82,117,401
83,511,401
84,520,401
85,117,402
86,117,403
87,117,404
88,546,424
89,117,431
90,117,438
91,546,439
92,60,445
93,380,446
94,380,447
95,36,469
96,36,470
97,36,471
98,36,472
99,117,512
100,117,520
101,469,520
102,520,520
103,117,521
104,469,521
105,520,521
106,573,525
107,377,526
108,573,526
109,348,528
110,289,532
111,386,532
112,546,535
113,178,538
114,267,539
115,342,551
116,399,551
117,567,567
118,382,573
119,382,574
120,428,574
121,161,582
122,267,587
123,161,593
124,348,597
125,377,597
126,405,597
127,573,597
128,567,599
129,382,603
130,428,603
131,161,612
132,203,617
133,289,617
134,386,617
135,231,635
136,117,636
137,262,641
138,117,644
139,469,644
140,520,644
141,117,650
142,120,650
143,419,650
144,520,650
145,117,656
146,117,663
147,469,663
148,117,665
149,419,665
150,520,665
151,399,695
152,437,695
153,399,696
154,437,696
155,399,697
156,437,697
157,399,698
158,437,698
159,244,715
160,342,715
161,483,732
162,117,779
163,117,780
164,469,780
165,546,780
166,117,786
167,469,786
168,520,786
169,117,787
170,469,787
171,520,787
172,419,789
173,520,789
174,117,790
175,419,790
176,520,790
177,117,791
178,419,791
179,437,797
180,27,800
181,27,801
182,399,801
183,27,802
184,399,802
185,244,810
186,264,810
187,342,812
188,106,813
189,244,813
190,342,813
191,259,820
192,261,820
193,259,821
194,261,821
195,259,826
196,261,826
197,259,827
198,261,827
199,98,831
200,259,831
201,261,831
202,259,834
203,261,834
204,259,835
205,261,835
206,98,836
207,259,836
208,261,836
209,259,837
210,261,837
211,6,867
212,307,913
213,307,914
214,511,920
215,117,921
216,117,922
217,117,923
218,469,923
219,546,923
220,511,924
221,262,929
222,469,933
223,520,933
224,117,983
225,469,988
226,31,989
227,117,989
228,469,989
229,231,994
230,117,995
231,312,1036
232,296,1044
233,296,1045
234,399,1045
235,487,1045
236,296,1046
237,399,1046
238,487,1046
239,121,1054
240,209,1062
241,209,1063
242,244,1069
243,264,1069
244,244,1071
245,399,1071
246,342,1072
247,106,1073
248,244,1073
249,342,1073
250,30,1096
251,60,1096
252,387,1106
253,573,1106
254,379,1107
255,379,1108
256,30,1109
257,60,1109
258,379,1109
259,203,1112
260,36,1118
261,36,1119
262,36,1120
263,36,1121
264,148,1122
265,36,1124
266,312,1148
267,36,1157
268,117,1157
269,36,1163
270,36,1164
271,36,1165
272,36,1166
273,89,1166
274,148,1166
275,382,1171
276,428,1171
277,244,1174
278,399,1174
279,161,1175
280,577,1176
281,184,1178
282,577,1178
283,267,1184
284,220,1185
285,117,1191
286,511,1191
287,520,1191
288,546,1198
289,271,1207
290,462,1207
291,565,1207
292,83,1218
293,90,1240
294,477,1240
295,90,1243
296,448,1243
297,477,1243
298,244,1266
299,264,1266
300,209,1268
301,244,1268
302,264,1268
303,342,1268
304,342,1269
305,106,1270
306,244,1270
307,342,1270
308,244,1283
309,264,1283
310,244,1284
311,244,1285
312,106,1287
313,244,1287
314,342,1287
315,244,1294
316,278,1294
317,244,1295
318,379,1297
319,399,1325
320,399,1326
321,399,1328
322,399,1329
323,399,1337
324,399,1338
325,115,1413
326,121,1460
327,267,1525
328,112,1527
329,267,1527
330,65,1528
331,117,1532
332,420,1534
333,262,1538
334,262,1541
335,531,1541
336,572,1549
337,117,1550
338,546,1550
339,546,1554
340,267,1555
341,117,1557
342,419,1557
343,520,1557
344,117,1558
345,419,1558
346,520,1558
347,390,1560
348,399,1560
349,390,1561
350,399,1561
351,390,1562
352,399,1562
353,390,1563
354,399,1563
355,312,1565
356,168,1573
357,129,1602
358,129,1603
359,318,1603
360,394,1603
361,382,1608
362,277,1609
363,399,1611
364,394,1613
365,399,1633
366,390,1634
367,399,1634
368,399,1635
369,390,1636
370,399,1636
371,390,1637
372,399,1637
373,30,1642
374,60,1642
375,379,1642
376,30,1649
377,60,1649
378,379,1649
379,117,1653
380,469,1653
381,520,1653
382,117,1661
383,187,1661
384,469,1661
385,36,1662
386,117,1662
387,187,1662
388,36,1666
389,89,1666
390,89,1667
391,148,1667
392,36,1669
393,36,1670
394,36,1671
395,36,1672
396,89,1673
397,148,1673
398,244,1688
399,209,1689
400,244,1689
401,264,1689
402,342,1689
403,244,1690
404,379,1690
405,342,1691
406,106,1692
407,244,1692
408,342,1692
409,106,1694
410,244,1694
411,116,1696
412,105,1698
413,117,1699
414,117,1700
415,117,1701
416,469,1701
417,546,1701
418,117,1702
419,117,1703
420,31,1704
421,469,1711
422,117,1718
423,267,1722
424,419,1724
425,117,1725
426,419,1725
427,520,1725
428,117,1726
429,419,1726
430,520,1726
431,117,1727
432,419,1727
433,520,1727
434,348,1728
435,405,1728
436,573,1728
437,66,1729
438,219,1729
439,279,1771
440,299,1777
441,399,1777
442,299,1778
443,511,1788
444,117,1789
445,262,1789
446,469,1789
447,520,1789
448,470,1799
449,36,1820
450,117,1820
451,187,1820
452,469,1820
453,117,1821
454,117,1822
455,117,1823
456,511,1823
457,520,1823
458,117,1824
459,469,1824
460,520,1824
461,36,1825
462,117,1825
463,187,1825
464,469,1825
465,90,1828
466,347,1828
467,377,1828
468,448,1828
469,477,1828
470,27,1834
471,399,1834
472,27,1835
473,399,1835
474,117,1836
475,469,1836
476,520,1836
477,299,1838
478,399,1838
479,419,1839
480,117,1848
481,367,1848
482,419,1848
483,520,1848
484,367,1849
485,520,1849
486,117,1854
487,117,1855
488,267,1859
489,367,1862
490,520,1862
491,367,1863
492,187,1867
493,454,1868
494,267,1877
495,367,1897
496,520,1897
497,367,1898
498,520,1898
499,367,1899
500,419,1899
501,520,1899
502,117,1907
503,117,1908
504,511,1908
505,520,1908
506,117,1909
507,367,1920
508,367,1921
509,520,1921
510,367,1922
511,520,1922
512,117,1924
513,469,1924
514,520,1924
515,85,1928
516,117,1929
517,419,1929
518,520,1929
519,367,1932
520,520,1932
521,85,1934
522,117,1935
523,262,1937
524,117,1938
525,469,1938
526,520,1938
527,419,1939
528,117,1940
529,419,1940
530,520,1940
531,117,1941
532,419,1941
533,520,1941
534,117,1942
535,419,1942
536,520,1942
537,312,1962
538,359,1972
539,492,1988
540,28,1989
541,492,1989
542,312,2007
543,28,2010
544,28,2012
545,399,2012
546,28,2013
547,399,2013
548,28,2014
549,399,2014
550,28,2015
551,399,2015
552,244,2020
553,117,2031
554,262,2045
555,267,2049
556,262,2050
557,335,2050
558,89,2053
559,116,2053
560,117,2053
561,117,2057
562,187,2057
563,469,2057
564,36,2058
565,117,2058
566,187,2058
567,469,2058
568,117,2059
569,117,2066
570,469,2066
571,520,2066
572,117,2067
573,401,2067
574,117,2070
575,117,2077
576,299,2083
577,399,2083
578,312,2089
579,28,2093
580,399,2093
581,299,2097
582,399,2097
583,299,2098
584,399,2098
585,28,2099
586,299,2099
587,399,2099
588,28,2101
589,399,2101
590,213,2104
591,213,2105
592,213,2106
593,213,2107
594,213,2108
595,213,2109
596,213,2110
597,213,2111
598,213,2112
599,213,2113
600,213,2114
601,213,2115
602,213,2116
603,213,2117
604,213,2118
605,374,2118
606,213,2119
607,213,2120
608,374,2120
609,213,2121
610,213,2122
611,213,2123
612,213,2124
613,213,2125
614,213,2126
615,213,2127
616,213,2129
617,374,2129
618,213,2131
619,399,2154
620,116,2181
621,117,2184
622,572,2186
623,469,2194
624,117,2200
625,419,2200
626,214,2216
627,198,2219
628,377,2219
629,500,2219
630,182,2282
631,126,2347
632,244,2364
633,399,2364
634,267,2370
635,473,2377
636,117,2392
637,149,2442
638,117,2446
639,89,2447
640,117,2447
641,187,2447
642,469,2447
643,36,2451
644,262,2451
645,8,2453
646,17,2453
647,36,2454
648,89,2454
649,469,2457
650,469,2458
651,520,2458
652,117,2459
653,469,2459
654,520,2459
655,89,2460
656,469,2460
657,117,2468
658,399,2468
659,230,2469
660,312,2485
661,241,2486
662,324,2486
663,340,2486
664,399,2486
665,486,2486
666,552,2486
667,317,2487
668,324,2487
669,340,2487
670,399,2487
671,317,2493
672,399,2493
673,28,2494
674,317,2494
675,399,2494
676,116,2505
677,116,2506
678,117,2506
679,469,2506
680,469,2507
681,494,2507
682,117,2508
683,89,2509
684,117,2509
685,187,2509
686,469,2509
687,36,2512
688,89,2512
689,148,2512
690,469,2514
691,520,2514
692,5,2533
693,384,2533
694,419,2533
695,161,2538
696,3,2539
697,481,2539
698,573,2539
699,36,2544
700,89,2544
701,399,2564
702,511,2617
703,533,2622
704,440,2682
705,440,2683
706,361,2702
707,7,2706
708,244,2714
709,7,2718
710,7,2719
711,41,2727
712,517,2727
713,41,2738
714,517,2738
715,41,2739
716,517,2739
717,524,2761
718,397,2764
719,524,2764
720,397,2765
721,425,2765
722,524,2765
723,397,2766
724,425,2766
725,524,2766
726,116,2782
727,116,2783
728,117,2783
729,469,2783
730,312,2801
731,265,2802
732,118,2804
733,299,2804
734,265,2808
735,153,2810
736,8,2811
737,17,2811
738,153,2811
739,184,2811
740,185,2811
741,8,2813
742,17,2813
743,105,2835
744,105,2836
745,117,2836
746,564,2836
747,117,2838
748,45,2857
749,180,2857
750,421,2857
751,285,2859
752,254,2862
753,356,2877
754,481,2881
755,121,2882
756,116,2892
757,116,2893
758,117,2893
759,469,2893
760,85,2894
761,520,2894
762,494,2895
763,469,2896
764,494,2896
765,469,2897
766,494,2897
767,367,2898
768,117,2899
769,89,2900
770,117,2900
771,89,2901
772,117,2901
773,187,2901
774,469,2901
775,168,2903
776,193,2903
777,358,2903
778,469,2903
779,549,2907
780,419,2910
781,117,2911
782,419,2911
783,520,2911
784,117,2912
785,419,2912
786,520,2912
787,241,2915
788,365,2915
789,399,2915
790,174,2925
791,329,2925
792,365,2925
793,399,2925
794,301,2933
795,302,2933
796,399,2933
797,492,2933
798,399,2934
799,486,2934
800,550,2936
801,399,2937
802,550,2937
803,399,2938
804,550,2938
805,324,2939
806,340,2939
807,399,2939
808,550,2939
809,552,2939
810,90,2940
811,289,2940
812,386,2940
813,280,2941
814,469,2943
815,168,2944
816,193,2944
817,358,2944
818,469,2944
819,89,2945
820,117,2945
821,117,2946
822,8,2947
823,17,2947
824,45,2949
825,45,2963
826,312,2966
827,399,2966
828,492,2966
829,174,2973
830,329,2973
831,365,2973
832,312,2977
833,28,2978
834,108,2978
835,399,2978
836,174,2979
837,324,2979
838,329,2979
839,340,2979
840,399,2979
841,552,2979
842,520,2984
843,85,2987
844,117,2989
845,520,2998
846,520,3003
847,520,3005
848,117,3012
849,117,3013
850,89,3014
851,117,3014
852,187,3014
853,469,3014
854,465,3016
855,468,3016
856,469,3016
857,244,3033
858,399,3033
859,481,3042
860,573,3042
861,117,3044
862,89,3045
863,117,3045
864,187,3045
865,469,3045
866,117,3046
867,469,3046
868,520,3046
869,184,3050
870,554,3051
871,299,3070
872,399,3070
873,184,3073
874,313,3073
875,184,3074
876,313,3074
877,481,3075
878,317,3084
879,324,3084
880,340,3084
881,399,3084
882,317,3089
883,399,3089
884,244,3093
885,399,3093
886,361,3097
887,117,3099
888,552,3100
889,399,3101
890,492,3101
891,28,3114
892,399,3114
893,399,3116
894,552,3116
895,241,3117
896,324,3117
897,340,3117
898,399,3117
899,552,3117
900,174,3118
901,365,3118
902,399,3118
903,552,3118
904,399,3119
905,399,3120
906,399,3132
907,399,3133
908,492,3133
909,117,3135
910,174,3136
911,399,3136
912,174,3137
913,399,3137
914,174,3138
915,399,3138
916,174,3139
917,399,3139
918,241,3141
919,399,3141
920,312,3143
921,399,3145
922,552,3145
923,198,3165
924,171,3166
925,377,3169
926,410,3180
927,117,3193
928,117,3202
929,469,3202
930,520,3202
931,117,3204
932,419,3205
933,117,3206
934,419,3206
935,520,3206
936,117,3207
937,419,3207
938,520,3207
939,174,3211
940,324,3211
941,329,3211
942,340,3211
943,399,3211
944,552,3211
945,399,3212
946,117,3218
947,117,3219
948,312,3230
949,399,3232
950,552,3232
951,174,3233
952,365,3233
953,399,3233
954,552,3233
955,399,3235
956,485,3235
957,511,3235
958,399,3236
959,485,3236
960,511,3236
961,324,3239
962,340,3239
963,399,3239
964,550,3239
965,552,3239
966,485,3242
967,511,3242
968,312,3244
969,399,3271
970,312,3285
971,329,3290
972,399,3290
973,550,3290
974,454,3301
975,112,3315
976,533,3318
977,258,3326
978,503,3341
979,146,3349
980,259,3349
981,261,3349
982,32,3359
983,455,3360
984,507,3361
985,151,3368
986,90,3385
987,285,3390
988,285,3391
989,267,3392
990,267,3393
991,347,3393
992,233,3395
993,469,3395
994,205,3396
995,233,3396
996,469,3396
997,565,3396
998,89,3398
999,117,3398
1000,89,3399
1001,117,3399
1002,187,3399
1003,469,3399
1004,89,3400
1005,117,3400
1006,187,3400
1007,469,3400
1008,514,3400
1009,117,3402
1010,89,3408
1011,406,3410
1012,465,3411
1013,468,3411
1014,469,3411
1015,494,3411
1016,117,3415
1017,469,3415
1018,520,3415
1019,136,3422
1020,345,3422
1021,341,3426
1022,341,3427
1023,244,3435
1024,399,3435
1025,157,3442
1026,519,3442
1027,406,3443
1028,157,3458
1029,465,3458
1030,519,3458
1031,403,3459
1032,254,3497
1033,344,3524
1034,304,3526
1035,388,3526
1036,299,3579
1037,117,3589
1038,36,3602
1039,89,3602
1040,344,3605
1041,89,3606
1042,117,3606
1043,344,3606
1044,89,3607
1045,117,3607
1046,344,3607
1047,117,3619
1048,399,3619
1049,28,3632
1050,83,3642
1051,117,3642
1052,354,3642
1053,573,3665
1054,399,3682
1055,550,3682
1056,244,3685
1057,299,3689
1058,399,3689
1059,312,3703
1060,317,3705
1061,399,3705
1062,317,3706
1063,399,3706
1064,322,3754
1065,454,3755
1066,547,3830
1067,184,3839
1068,313,3839
1069,3,3842
1070,573,3842
1071,547,3848
1072,72,3856
1073,107,3856
1074,72,3857
1075,107,3857
1076,72,3858
1077,107,3858
1078,85,3872
1079,520,3872
1080,117,3873
1081,117,3874
1082,262,3874
1083,469,3874
1084,520,3874
1085,262,3879
1086,117,3897
1087,469,3897
1088,520,3897
1089,117,3898
1090,469,3898
1091,520,3898
1092,419,3903
1093,117,3904
1094,117,3905
1095,89,3906
1096,117,3906
1097,117,3907
1098,469,3907
1099,56,3915
1100,111,3917
1101,111,3919
1102,111,3920
1103,419,3935
1104,469,3935
1105,85,3940
1106,520,3940
1107,360,3942
1108,469,3942
1109,514,3944
1110,117,3947
1111,117,3949
1112,187,3949
1113,469,3949
1114,469,3950
1115,494,3950
1116,117,3951
1117,117,3952
1118,89,3953
1119,117,3953
1120,89,3954
1121,117,3954
1122,187,3954
1123,469,3954
1124,36,3955
1125,117,3955
1126,187,3955
1127,469,3955
1128,89,3956
1129,117,3956
1130,187,3956
1131,469,3956
1132,514,3956
1133,485,3957
1134,117,3958
1135,89,3964
1136,116,3964
1137,117,3964
1138,465,3965
1139,468,3965
1140,469,3965
1141,465,3966
1142,468,3966
1143,469,3966
1144,494,3966
1145,168,3967
1146,193,3967
1147,168,3968
1148,193,3968
1149,358,3968
1150,469,3968
1151,469,3970
1152,469,3971
1153,520,3971
1154,117,3972
1155,469,3972
1156,520,3972
1157,469,3973
1158,89,3974
1159,117,3974
1160,344,3974
1161,117,3975
1162,514,3975
1163,465,3976
1164,468,3976
1165,469,3976
1166,401,3977
1167,3,3982
1168,481,3982
1169,121,3983
1170,117,4000
1171,109,4033
1172,287,4033
1173,109,4034
1174,287,4046
1175,28,4115
1176,199,4121
1177,317,4121
1178,170,4124
1179,244,4124
1180,114,4158
1181,514,4164
1182,89,4168
1183,117,4168
1184,117,4169
1185,31,4170
1186,117,4170
1187,128,4170
1188,89,4171
1189,117,4171
1190,187,4171
1191,469,4171
1192,117,4172
1193,469,4172
1194,520,4172
1195,36,4177
1196,89,4177
1197,148,4177
1198,341,4181
1199,469,4181
1200,117,4182
1201,469,4182
1202,520,4182
1203,419,4184
1204,469,4184
1205,367,4189
1206,520,4189
1207,117,4193
1208,85,4213
1209,67,4249
1210,304,4249
1211,304,4250
1212,513,4250
1213,304,4251
1214,513,4251
1215,399,4252
1216,28,4253
1217,492,4253
1218,174,4256
1219,399,4256
1220,241,4257
1221,399,4257
1222,399,4263
1223,486,4263
1224,399,4264
1225,486,4264
1226,233,4274
1227,363,4274
1228,469,4274
1229,360,4277
1230,469,4277
1231,360,4278
1232,469,4278
1233,179,4279
1234,117,4280
1235,89,4281
1236,117,4281
1237,89,4282
1238,117,4282
1239,187,4282
1240,469,4282
1241,514,4282
1242,89,4283
1243,117,4283
1244,187,4283
1245,469,4283
1246,117,4290
1247,469,4290
1248,520,4290
1249,469,4292
1250,136,4298
1251,312,4323
1252,8,4351
1253,17,4351
1254,526,4351
1255,312,4363
1256,241,4365
1257,324,4365
1258,340,4365
1259,399,4365
1260,241,4366
1261,324,4366
1262,340,4366
1263,399,4366
1264,578,4377
1265,411,4386
1266,507,4386
1267,269,4387
1268,411,4387
1269,507,4387
1270,164,4394
1271,411,4394
1272,304,4404
1273,485,4412
1274,469,4441
1275,494,4441
1276,117,4442
1277,117,4443
1278,465,4448
1279,468,4448
1280,469,4448
1281,469,4451
1282,520,4451
1283,117,4452
1284,469,4452
1285,520,4452
1286,423,4454
1287,428,4454
1288,469,4454
1289,469,4455
1290,117,4460
1291,136,4467
1292,561,4467
1293,136,4468
1294,360,4481
1295,469,4481
1296,514,4482
1297,117,4485
1298,117,4486
1299,89,4487
1300,117,4487
1301,89,4488
1302,117,4488
1303,187,4488
1304,469,4488
1305,514,4488
1306,465,4498
1307,468,4498
1308,469,4498
1309,168,4501
1310,193,4501
1311,117,4503
1312,520,4503
1313,117,4506
1314,514,4506
1315,117,4513
1316,117,4514
1317,520,4514
1318,85,4552
1319,520,4552
1320,72,4563
1321,107,4563
1322,72,4564
1323,107,4564
1324,553,4564
1325,241,4618
1326,399,4618
1327,312,4642
1328,565,4647
1329,365,4674
1330,174,4682
1331,317,4682
1332,399,4682
1333,497,4688
1334,317,4716
1335,399,4716
1336,317,4717
1337,399,4717
1338,117,4731
1339,31,4732
1340,117,4732
1341,128,4732
1342,89,4733
1343,117,4733
1344,128,4733
1345,295,4733
1346,344,4733
1347,117,4747
1348,419,4747
1349,520,4747
1350,533,4751
1351,533,4753
1352,533,4754
1353,399,4758
1354,469,4767
1355,520,4767
1356,244,4768
1357,399,4768
1358,419,4771
1359,543,4771
1360,424,4773
1361,533,4773
1362,424,4774
1363,533,4774
1364,179,4776
1365,469,4776
1366,117,4777
1367,514,4777
1368,117,4782
1369,89,4783
1370,117,4783
1371,157,4791
1372,465,4791
1373,170,4797
1374,251,4799
1375,469,4802
1376,469,4803
1377,520,4803
1378,304,4810
1379,399,4830
1380,365,4831
1381,399,4831
1382,184,4839
1383,554,4839
1384,174,4843
1385,399,4843
1386,174,4844
1387,312,4855
1388,60,4860
1389,89,4862
1390,117,4862
1391,117,4863
1392,117,4864
1393,469,4864
1394,546,4864
1395,331,4868
1396,419,4868
1397,337,4869
1398,403,4871
1399,117,4872
1400,469,4872
1401,520,4872
1402,89,4873
1403,117,4873
1404,344,4873
1405,117,4875
1406,419,4875
1407,520,4875
1408,117,4876
1409,419,4876
1410,520,4876
1411,230,4881
1412,226,4882
1413,230,4882
1414,230,4883
1415,267,4891
1416,525,4891
1417,520,4918
1418,176,4930
1419,177,4930
1420,519,4933
1421,519,4934
1422,535,4964
1423,326,4980
1424,221,5004
1425,419,5004
1426,89,5005
1427,117,5005
1428,187,5005
1429,469,5005
1430,402,5012
1431,469,5012
1432,565,5013
1433,565,5015
1434,305,5016
1435,233,5021
1436,469,5021
1437,89,5026
1438,117,5026
1439,89,5027
1440,117,5027
1441,187,5027
1442,469,5027
1443,89,5028
1444,117,5028
1445,187,5028
1446,469,5028
1447,514,5028
1448,117,5029
1449,117,5030
1450,402,5033
1451,469,5033
1452,399,5034
1453,485,5034
1454,511,5034
1455,117,5035
1456,469,5035
1457,520,5035
1458,469,5039
1459,533,5066
1460,533,5069
1461,533,5070
1462,469,5078
1463,520,5078
1464,546,5079
1465,419,5081
1466,543,5081
1467,424,5084
1468,424,5085
1469,533,5085
1470,310,5086
1471,424,5086
1472,533,5086
1473,23,5089
1474,117,5094
1475,251,5098
1476,117,5105
1477,117,5106
1478,89,5116
1479,117,5116
1480,344,5116
1481,234,5118
1482,23,5122
1483,89,5125
1484,117,5125
1485,117,5126
1486,117,5134
1487,251,5134
1488,469,5137
1489,176,5146
1490,177,5146
1491,157,5147
1492,176,5147
1493,177,5147
1494,519,5147
1495,68,5148
1496,70,5148
1497,157,5148
1498,176,5148
1499,177,5148
1500,519,5148
1501,157,5153
1502,176,5153
1503,177,5153
1504,519,5153
1505,262,5160
1506,519,5160
1507,176,5168
1508,299,5171
1509,75,5172
1510,157,5172
1511,87,5194
1512,509,5196
1513,509,5197
1514,241,5209
1515,365,5209
1516,399,5209
1517,399,5222
1518,486,5222
1519,399,5223
1520,486,5223
1521,89,5239
1522,117,5239
1523,89,5240
1524,117,5240
1525,89,5241
1526,117,5241
1527,187,5241
1528,469,5241
1529,117,5266
1530,399,5266
1531,241,5267
1532,365,5267
1533,399,5267
1534,272,5270
1535,72,5274
1536,107,5274
1537,117,5287
1538,389,5290
1539,116,5350
1540,117,5350
1541,469,5350
1542,233,5351
1543,363,5351
1544,469,5351
1545,469,5353
1546,494,5353
1547,469,5354
1548,494,5354
1549,117,5356
1550,89,5357
1551,117,5357
1552,89,5358
1553,117,5358
1554,187,5358
1555,469,5358
1556,89,5359
1557,117,5359
1558,187,5359
1559,469,5359
1560,514,5359
1561,469,5364
1562,465,5365
1563,468,5365
1564,403,5367
1565,117,5369
1566,469,5369
1567,469,5370
1568,520,5370
1569,117,5371
1570,469,5371
1571,520,5371
1572,469,5372
1573,469,5373
1574,117,5374
1575,514,5374
1576,334,5375
1577,423,5375
1578,428,5375
1579,469,5375
1580,402,5377
1581,469,5377
1582,521,5377
1583,546,5399
1584,257,5424
1585,547,5433
1586,498,5448
1587,430,5449
1588,439,5449
1589,459,5449
1590,498,5449
1591,535,5449
1592,117,5505
1593,474,5505
1594,89,5508
1595,117,5508
1596,187,5508
1597,469,5508
1598,89,5509
1599,117,5509
1600,117,5510
1601,469,5510
1602,520,5510
1603,117,5511
1604,117,5513
1605,295,5513
1606,117,5514
1607,295,5514
1608,344,5514
1609,58,5530
1610,58,5531
1611,312,5544
1612,317,5546
1613,399,5546
1614,241,5547
1615,317,5547
1616,399,5547
1617,485,5547
1618,109,5579
1619,547,5579
1620,89,5581
1621,117,5581
1622,104,5584
1623,117,5584
1624,344,5584
1625,254,5585
1626,288,5585
1627,377,5585
1628,36,5591
1629,89,5591
1630,148,5591
1631,89,5594
1632,117,5594
1633,344,5594
1634,89,5595
1635,117,5595
1636,344,5595
1637,85,5601
1638,520,5601
1639,461,5602
1640,474,5602
1641,89,5605
1642,117,5605
1643,117,5606
1644,174,5609
1645,399,5609
1646,89,5612
1647,189,5618
1648,334,5618
1649,423,5618
1650,428,5618
1651,469,5618
1652,419,5622
1653,424,5622
1654,533,5622
1655,543,5622
1656,402,5623
1657,469,5623
1658,521,5623
1659,267,5634
1660,267,5655
1661,549,5655
1662,520,5657
1663,117,5660
1664,550,5668
1665,244,5694
1666,399,5694
1667,399,5696
1668,550,5696
1669,399,5697
1670,550,5697
1671,126,5698
1672,496,5698
1673,550,5698
1674,19,5702
1675,85,5704
1676,520,5704
1677,423,5705
1678,428,5705
1679,423,5706
1680,428,5706
1681,423,5707
1682,428,5707
1683,85,5710
1684,494,5711
1685,494,5712
1686,367,5713
1687,85,5714
1688,367,5714
1689,520,5714
1690,117,5715
1691,89,5716
1692,117,5716
1693,187,5716
1694,469,5716
1695,469,5717
1696,546,5717
1697,9,5718
1698,469,5723
1699,469,5724
1700,494,5724
1701,546,5725
1702,117,5727
1703,367,5727
1704,419,5727
1705,520,5727
1706,85,5728
1707,261,5731
1708,380,5731
1709,533,5732
1710,367,5733
1711,138,5734
1712,520,5739
1713,549,5739
1714,533,5740
1715,424,5741
1716,533,5741
1717,577,5741
1718,424,5742
1719,533,5742
1720,577,5742
1721,419,5744
1722,424,5744
1723,533,5744
1724,543,5744
1725,497,5761
1726,552,5761
1727,223,5762
1728,497,5762
1729,552,5762
1730,117,5764
1731,267,5767
1732,520,5769
1733,85,5780
1734,72,5791
1735,107,5791
1736,553,5791
1737,72,5792
1738,107,5792
1739,532,5802
1740,552,5802
1741,117,5803
1742,399,5803
1743,72,5837
1744,107,5837
1745,72,5838
1746,107,5838
1747,553,5838
1748,72,5839
1749,107,5839
1750,320,5846
1751,355,5846
1752,304,5858
1753,513,5858
1754,36,5886
1755,89,5886
1756,148,5886
1757,565,5887
1758,117,5927
1759,399,5927
1760,485,5927
1761,85,5928
1762,520,5928
1763,4,5939
1764,71,5939
1765,136,5939
1766,561,5939
1767,136,5940
1768,561,5940
1769,136,5941
1770,561,5941
1771,136,5942
1772,31,5943
1773,136,5943
1774,136,5951
1775,561,5951
1776,96,5967
1777,64,5971
1778,96,5971
1779,184,5978
1780,185,5978
1781,69,5989
1782,200,5989
1783,265,6023
1784,117,6032
1785,460,6032
1786,520,6032
1787,117,6034
1788,9,6052
1789,234,6052
1790,460,6052
1791,234,6053
1792,207,6061
1793,465,6070
1794,72,6077
1795,553,6077
1796,72,6078
1797,107,6078
1798,355,6080
1799,207,6086
1800,107,6113
1801,85,6120
1802,520,6120
1803,254,6123
1804,377,6123
1805,365,6134
1806,399,6134
1807,365,6135
1808,399,6135
1809,357,6136
1810,399,6142
1811,191,6143
1812,224,6143
1813,324,6143
1814,340,6143
1815,364,6143
1816,261,6158
1817,380,6158
1818,409,6158
1819,261,6168
1820,261,6169
1821,261,6170
1822,409,6170
1823,261,6171
1824,205,6176
1825,407,6176
1826,458,6176
1827,117,6178
1828,187,6178
1829,469,6178
1830,117,6179
1831,187,6179
1832,469,6179
1833,205,6180
1834,565,6180
1835,205,6181
1836,407,6181
1837,458,6181
1838,205,6182
1839,565,6182
1840,205,6183
1841,89,6191
1842,148,6191
1843,117,6201
1844,117,6202
1845,117,6203
1846,117,6204
1847,511,6204
1848,520,6204
1849,117,6208
1850,251,6208
1851,117,6209
1852,251,6209
1853,164,6260
1854,411,6260
1855,507,6260
1856,14,6292
1857,191,6292
1858,324,6292
1859,340,6292
1860,406,6302
1861,176,6307
1862,177,6307
1863,117,6313
1864,519,6315
1865,157,6316
1866,465,6316
1867,519,6316
1868,497,6370
1869,223,6371
1870,497,6371
1871,552,6371
1872,565,6403
1873,141,6417
1874,184,6417
1875,185,6417
1876,141,6418
1877,184,6418
1878,185,6418
1879,184,6422
1880,116,6439
1881,117,6439
1882,469,6439
1883,117,6440
1884,117,6441
1885,187,6441
1886,469,6441
1887,117,6442
1888,370,6456
1889,469,6456
1890,521,6456
1891,18,6457
1892,393,6457
1893,402,6457
1894,469,6457
1895,18,6458
1896,393,6458
1897,402,6458
1898,469,6458
1899,521,6458
1900,117,6465
1901,469,6465
1902,72,6469
1903,107,6469
1904,72,6470
1905,107,6470
1906,386,6470
1907,553,6470
1908,164,6479
1909,411,6479
1910,507,6479
1911,164,6487
1912,411,6487
1913,507,6487
1914,531,6488
1915,532,6489
1916,552,6489
1917,532,6490
1918,552,6490
1919,553,6492
1920,532,6496
1921,552,6496
1922,532,6497
1923,552,6497
1924,117,6500
1925,399,6500
1926,399,6507
1927,552,6507
1928,271,6512
1929,4,6516
1930,57,6516
1931,520,6516
1932,533,6516
1933,4,6517
1934,57,6517
1935,520,6517
1936,533,6517
1937,520,6518
1938,85,6519
1939,520,6519
1940,85,6520
1941,520,6520
1942,117,6522
1943,9,6524
1944,362,6526
1945,520,6526
1946,362,6527
1947,520,6527
1948,85,6528
1949,520,6528
1950,520,6529
1951,373,6530
1952,520,6530
1953,373,6531
1954,520,6531
1955,367,6534
1956,520,6534
1957,85,6535
1958,520,6535
1959,89,6536
1960,117,6536
1961,117,6537
1962,362,6538
1963,520,6538
1964,362,6539
1965,520,6539
1966,362,6540
1967,520,6540
1968,362,6541
1969,117,6543
1970,295,6543
1971,474,6543
1972,9,6544
1973,9,6545
1974,403,6545
1975,4,6551
1976,57,6551
1977,520,6551
1978,533,6551
1979,4,6552
1980,57,6552
1981,520,6552
1982,533,6552
1983,262,6554
1984,366,6554
1985,85,6555
1986,520,6555
1987,85,6556
1988,312,6567
1989,261,6575
1990,261,6577
1991,380,6577
1992,409,6577
1993,261,6590
1994,261,6594
1995,261,6595
1996,261,6596
1997,261,6597
1998,261,6598
1999,380,6598
2000,409,6598
2001,261,6599
2002,380,6599
2003,409,6599
2004,261,6600
2005,502,6600
2006,544,6600
2007,261,6601
2008,331,6601
2009,380,6601
2010,409,6601
2011,261,6602
2012,380,6602
2013,409,6602
2014,261,6603
2015,409,6603
2016,261,6604
2017,261,6605
2018,261,6606
2019,261,6607
2020,261,6608
2021,261,6609
2022,261,6610
2023,261,6611
2024,386,6611
2025,455,6611
2026,469,6611
2027,261,6612
2028,261,6613
2029,261,6614
2030,261,6615
2031,83,6623
2032,354,6623
2033,4,6628
2034,57,6628
2035,520,6628
2036,533,6628
2037,4,6629
2038,57,6629
2039,520,6629
2040,533,6629
2041,117,6633
2042,474,6638
2043,310,6640
2044,424,6640
2045,533,6640
2046,520,6643
2047,520,6644
2048,549,6644
2049,117,6645
2050,254,6647
2051,339,6647
2052,377,6647
2053,391,6647
2054,254,6648
2055,377,6648
2056,391,6648
2057,129,6649
2058,254,6649
2059,419,6649
2060,514,6649
2061,520,6649
2062,20,6653
2063,138,6653
2064,89,6654
2065,117,6654
2066,117,6655
2067,187,6655
2068,469,6655
2069,117,6656
2070,187,6656
2071,469,6656
2072,117,6657
2073,360,6659
2074,469,6659
2075,227,6661
2076,233,6661
2077,557,6661
2078,469,6674
2079,520,6674
2080,469,6675
2081,520,6675
2082,117,6676
2083,469,6676
2084,520,6676
2085,469,6678
2086,523,6678
2087,117,6682
2088,117,6684
2089,251,6684
2090,117,6685
2091,172,6685
2092,251,6685
2093,251,6686
2094,89,6697
2095,187,6697
2096,469,6697
2097,469,6700
2098,218,6707
2099,360,6707
2100,469,6707
2101,469,6709
2102,520,6709
2103,469,6710
2104,520,6710
2105,85,6713
2106,520,6713
2107,469,6714
2108,523,6714
2109,117,6720
2110,117,6721
2111,419,6730
2112,129,6736
2113,469,6738
2114,469,6739
2115,469,6740
2116,117,6743
2117,469,6743
2118,469,6744
2119,520,6744
2120,117,6745
2121,469,6745
2122,117,6746
2123,469,6746
2124,520,6746
2125,8,6752
2126,184,6752
2127,72,6753
2128,107,6753
2129,196,6755
2130,333,6755
2131,466,6755
2132,375,6762
2133,375,6763
2134,375,6768
2135,536,6768
2136,375,6769
2137,536,6769
2138,375,6770
2139,536,6770
2140,496,6771
2141,550,6771
2142,3,6772
2143,481,6772
2144,573,6772
2145,553,6813
2146,145,6848
2147,145,6849
2148,90,6865
2149,347,6865
2150,117,6882
2151,187,6882
2152,469,6882
2153,370,6890
2154,469,6890
2155,521,6890
2156,393,6894
2157,402,6894
2158,469,6894
2159,521,6894
2160,386,6900
2161,455,6900
2162,116,6901
2163,117,6901
2164,469,6901
2165,116,6902
2166,117,6902
2167,469,6902
2168,117,6903
2169,370,6909
2170,469,6909
2171,370,6910
2172,469,6910
2173,386,6913
2174,455,6913
2175,117,6914
2176,469,6914
2177,117,6915
2178,469,6915
2179,117,6916
2180,469,6916
2181,533,6920
2182,138,6922
2183,138,6923
2184,85,6938
2185,520,6938
2186,399,6945
2187,399,6946
2188,399,6947
2189,492,6947
2190,117,6948
2191,399,6948
2192,485,6948
2193,117,6950
2194,117,6951
2195,469,6951
2196,520,6951
2197,241,6958
2198,312,6964
2199,399,6968
2200,485,6968
2201,399,6969
2202,485,6969
2203,399,6970
2204,485,6970
2205,504,6970
2206,324,6971
2207,340,6971
2208,399,6971
2209,485,6971
2210,504,6971
2211,312,6980
2212,312,6982
2213,23,6988
2214,23,6989
2215,157,6989
2216,251,6989
2217,519,6989
2218,569,6989
2219,36,6990
2220,89,6990
2221,148,6990
2222,117,6994
2223,469,6994
2224,117,6995
2225,193,6997
2226,358,6997
2227,469,6997
2228,193,6998
2229,218,7000
2230,233,7001
2231,251,7002
2232,469,7004
2233,330,7005
2234,218,7006
2235,360,7006
2236,469,7006
2237,399,7007
2238,469,7013
2239,117,7014
2240,469,7014
2241,520,7014
2242,28,7017
2243,54,7018
2244,341,7018
2245,414,7018
2246,457,7018
2247,8,7021
2248,99,7021
2249,99,7023
2250,150,7023
2251,184,7023
2252,159,7024
2253,191,7024
2254,324,7024
2255,364,7024
2256,246,7038
2257,467,7038
2258,519,7038
2259,492,7039
2260,174,7047
2261,324,7047
2262,329,7047
2263,340,7047
2264,399,7047
2265,552,7047
2266,174,7050
2267,399,7050
2268,292,7051
2269,399,7051
2270,26,7061
2271,107,7061
2272,292,7085
2273,399,7085
2274,365,7086
2275,399,7086
2276,241,7091
2277,365,7091
2278,399,7091
2279,89,7108
2280,117,7108
2281,187,7108
2282,469,7108
2283,117,7109
2284,469,7109
2285,520,7109
2286,117,7110
2287,312,7118
2288,312,7123
2289,312,7130
2290,492,7130
2291,497,7131
2292,552,7131
2293,497,7132
2294,174,7134
2295,552,7134
2296,532,7147
2297,552,7147
2298,72,7160
2299,107,7160
2300,184,7161
2301,399,7164
2302,485,7164
2303,511,7164
2304,312,7182
2305,317,7183
2306,31,7192
2307,117,7192
2308,128,7192
2309,89,7193
2310,117,7193
2311,117,7197
2312,295,7197
2313,344,7197
2314,216,7210
2315,182,7211
2316,299,7221
2317,114,7225
2318,258,7232
2319,540,7232
2320,126,7246
2321,496,7246
2322,550,7246
2323,475,7263
2324,553,7263
2325,485,7315
2326,485,7320
2327,511,7320
2328,485,7321
2329,511,7321
2330,162,7325
2331,162,7326
2332,485,7326
2333,263,7331
2334,304,7331
2335,263,7332
2336,304,7332
2337,304,7333
2338,513,7333
2339,304,7334
2340,513,7334
2341,304,7335
2342,513,7335
2343,304,7336
2344,388,7336
2345,263,7338
2346,304,7338
2347,279,7339
2348,304,7339
2349,484,7339
2350,513,7339
2351,279,7340
2352,304,7340
2353,484,7340
2354,513,7340
2355,279,7345
2356,399,7346
2357,304,7350
2358,803,7356
2359,803,7361
2360,584,7384
2361,580,7389
2362,582,7389
2363,583,7389
2364,584,7389
2365,701,7389
2366,801,7389
2367,812,7389
2368,821,7389
2369,843,7389
2370,1141,7389
2371,1247,7389
2372,585,7399
2373,586,7399
2374,1000,7407
2375,1036,7407
2376,1062,7407
2377,636,7418
2378,588,7424
2379,654,7424
2380,667,7424
2381,733,7424
2382,808,7424
2383,882,7424
2384,651,7431
2385,688,7431
2386,717,7431
2387,1234,7447
2388,1093,7491
2389,588,7530
2390,654,7530
2391,667,7530
2392,733,7530
2393,808,7530
2394,882,7530
2395,588,7536
2396,654,7536
2397,882,7536
2398,588,7541
2399,654,7541
2400,882,7541
2401,639,7543
2402,640,7543
2403,723,7543
2404,786,7543
2405,789,7543
2406,969,7543
2407,639,7546
2408,723,7546
2409,786,7546
2410,969,7546
2411,640,7550
2412,789,7550
2413,639,7551
2414,640,7551
2415,723,7551
2416,786,7551
2417,789,7551
2418,969,7551
2419,876,7564
2420,1005,7564
2421,1094,7564
2422,1152,7564
2423,1330,7564
2424,876,7565
2425,1005,7565
2426,1094,7565
2427,1152,7565
2428,1330,7565
2429,1152,7567
2430,950,7581
2431,1090,7584
2432,920,7634
2433,926,7668
2434,588,7675
2435,654,7675
2436,711,7675
2437,882,7675
2438,588,7676
2439,654,7676
2440,655,7676
2441,882,7676
2442,587,7681
2443,588,7681
2444,652,7681
2445,654,7681
2446,882,7681
2447,1199,7681
2448,1302,7681
2449,590,7692
2450,591,7692
2451,656,7692
2452,657,7692
2453,661,7728
2454,662,7743
2455,651,7748
2456,688,7748
2457,717,7748
2458,651,7750
2459,688,7750
2460,717,7750
2461,701,7752
2462,1145,7768
2463,675,7772
2464,1008,7785
2465,689,7806
2466,589,7807
2467,580,7814
2468,699,7814
2469,700,7814
2470,701,7814
2471,801,7814
2472,812,7814
2473,821,7814
2474,843,7814
2475,931,7814
2476,1141,7814
2477,1247,7814
2478,580,7815
2479,583,7815
2480,701,7815
2481,801,7815
2482,812,7815
2483,821,7815
2484,843,7815
2485,1141,7815
2486,1247,7815
2487,705,7829
2488,710,7868
2489,1081,7878
2490,701,7884
2491,876,7889
2492,1005,7889
2493,1094,7889
2494,1152,7889
2495,1330,7889
2496,588,7896
2497,654,7896
2498,882,7896
2499,588,7897
2500,654,7897
2501,667,7897
2502,733,7897
2503,808,7897
2504,882,7897
2505,667,7912
2506,733,7912
2507,808,7912
2508,667,7913
2509,733,7913
2510,808,7913
2511,588,7918
2512,654,7918
2513,882,7918
2514,1273,7935
2515,1272,7941
2516,876,7961
2517,1005,7961
2518,1094,7961
2519,1152,7961
2520,1330,7961
2521,1128,7963
2522,648,7971
2523,649,7971
2524,650,7971
2525,651,7971
2526,685,7971
2527,686,7971
2528,687,7971
2529,688,7971
2530,717,7971
2531,718,7979
2532,718,7980
2533,720,7981
2534,721,8001
2535,639,8007
2536,640,8007
2537,723,8007
2538,725,8007
2539,786,8007
2540,787,8007
2541,789,8007
2542,969,8007
2543,971,8007
2544,639,8009
2545,640,8009
2546,723,8009
2547,786,8009
2548,789,8009
2549,969,8009
2550,724,8010
2551,721,8012
2552,639,8013
2553,721,8013
2554,723,8013
2555,786,8013
2556,969,8013
2557,721,8014
2558,724,8014
2559,721,8015
2560,648,8026
2561,685,8026
2562,666,8031
2563,734,8031
2564,807,8031
2565,1032,8043
2566,1328,8043
2567,666,8045
2568,667,8045
2569,668,8045
2570,669,8045
2571,733,8045
2572,734,8045
2573,807,8045
2574,808,8045
2575,667,8046
2576,733,8046
2577,808,8046
2578,709,8056
2579,729,8056
2580,1207,8070
2581,876,8081
2582,1005,8081
2583,1094,8081
2584,1152,8081
2585,1330,8081
2586,1032,8082
2587,1328,8082
2588,1032,8083
2589,1328,8083
2590,803,8084
2591,876,8084
2592,1005,8084
2593,1094,8084
2594,1152,8084
2595,1330,8084
2596,666,8092
2597,667,8092
2598,668,8092
2599,669,8092
2600,733,8092
2601,734,8092
2602,807,8092
2603,808,8092
2604,1291,8107
2605,1152,8112
2606,1152,8119
2607,959,8129
2608,1130,8129
2609,1155,8129
2610,1223,8129
2611,1307,8129
2612,1348,8129
2613,1273,8133
2614,1273,8143
2615,630,8160
2616,803,8165
2617,752,8169
2618,713,8182
2619,792,8182
2620,1208,8182
2621,712,8183
2622,753,8183
2623,754,8183
2624,793,8183
2625,1050,8183
2626,1375,8198
2627,813,8202
2628,876,8202
2629,880,8202
2630,903,8202
2631,1005,8202
2632,1094,8202
2633,1167,8202
2634,1330,8202
2635,760,8241
2636,769,8259
2637,769,8262
2638,936,8273
2639,666,8287
2640,667,8287
2641,668,8287
2642,669,8287
2643,733,8287
2644,734,8287
2645,807,8287
2646,808,8287
2647,666,8288
2648,667,8288
2649,733,8288
2650,734,8288
2651,735,8288
2652,736,8288
2653,807,8288
2654,808,8288
2655,769,8295
2656,769,8298
2657,1114,8309
2658,876,8319
2659,1005,8319
2660,1094,8319
2661,1152,8319
2662,1330,8319
2663,813,8323
2664,880,8323
2665,903,8323
2666,1167,8323
2667,876,8326
2668,1005,8326
2669,1094,8326
2670,1330,8326
2671,712,8347
2672,713,8347
2673,714,8347
2674,715,8347
2675,753,8347
2676,793,8347
2677,1050,8347
2678,813,8365
2679,880,8365
2680,903,8365
2681,1167,8365
2682,1123,8397
2683,774,8414
2684,584,8423
2685,1278,8430
2686,876,8431
2687,1005,8431
2688,1094,8431
2689,1330,8431
2690,714,8441
2691,651,8444
2692,688,8444
2693,716,8444
2694,717,8444
2695,876,8446
2696,1005,8446
2697,1084,8446
2698,1094,8446
2699,1330,8446
2700,1273,8497
2701,1105,8501
2702,1106,8501
2703,1334,8501
2704,1335,8501
2705,929,8525
2706,769,8544
2707,769,8561
2708,769,8562
2709,790,8568
2710,639,8572
2711,640,8572
2712,723,8572
2713,725,8572
2714,786,8572
2715,787,8572
2716,789,8572
2717,969,8572
2718,971,8572
2719,639,8576
2720,721,8576
2721,723,8576
2722,786,8576
2723,969,8576
2724,639,8577
2725,721,8577
2726,722,8577
2727,723,8577
2728,724,8577
2729,725,8577
2730,786,8577
2731,787,8577
2732,969,8577
2733,971,8577
2734,639,8578
2735,723,8578
2736,786,8578
2737,969,8578
2738,639,8579
2739,723,8579
2740,786,8579
2741,790,8579
2742,969,8579
2743,639,8580
2744,640,8580
2745,723,8580
2746,786,8580
2747,789,8580
2748,790,8580
2749,969,8580
2750,639,8581
2751,640,8581
2752,723,8581
2753,786,8581
2754,789,8581
2755,969,8581
2756,792,8595
2757,1208,8595
2758,1152,8615
2759,580,8617
2760,701,8617
2761,801,8617
2762,812,8617
2763,821,8617
2764,843,8617
2765,1141,8617
2766,1247,8617
2767,580,8618
2768,801,8618
2769,821,8618
2770,843,8618
2771,1141,8618
2772,1247,8618
2773,580,8619
2774,699,8619
2775,700,8619
2776,701,8619
2777,801,8619
2778,812,8619
2779,821,8619
2780,843,8619
2781,931,8619
2782,1141,8619
2783,1247,8619
2784,802,8625
2785,803,8625
2786,755,8626
2787,805,8626
2788,813,8626
2789,864,8626
2790,876,8626
2791,880,8626
2792,903,8626
2793,1005,8626
2794,1094,8626
2795,1167,8626
2796,1212,8626
2797,1330,8626
2798,1081,8627
2799,849,8629
2800,597,8632
2801,630,8634
2802,666,8669
2803,734,8669
2804,807,8669
2805,814,8685
2806,814,8686
2807,817,8699
2808,817,8700
2809,1144,8704
2810,876,8706
2811,1005,8706
2812,1094,8706
2813,1144,8706
2814,1330,8706
2815,876,8707
2816,1005,8707
2817,1094,8707
2818,1330,8707
2819,651,8715
2820,688,8715
2821,716,8715
2822,717,8715
2823,876,8719
2824,1005,8719
2825,1094,8719
2826,1330,8719
2827,588,8724
2828,654,8724
2829,882,8724
2830,666,8727
2831,734,8727
2832,807,8727
2833,812,8750
2834,1152,8765
2835,638,8770
2836,756,8776
2837,822,8776
2838,639,8797
2839,711,8797
2840,723,8797
2841,786,8797
2842,969,8797
2843,1273,8806
2844,720,8812
2845,876,8827
2846,1005,8827
2847,1094,8827
2848,1152,8827
2849,1330,8827
2850,920,8832
2851,1327,8832
2852,651,8836
2853,688,8836
2854,717,8836
2855,876,8836
2856,1005,8836
2857,1094,8836
2858,1330,8836
2859,813,8839
2860,876,8839
2861,880,8839
2862,903,8839
2863,1005,8839
2864,1094,8839
2865,1167,8839
2866,1330,8839
2867,755,8845
2868,805,8845
2869,813,8845
2870,864,8845
2871,876,8845
2872,880,8845
2873,903,8845
2874,1005,8845
2875,1094,8845
2876,1167,8845
2877,1212,8845
2878,1330,8845
2879,755,8846
2880,805,8846
2881,864,8846
2882,1212,8846
2883,755,8847
2884,805,8847
2885,864,8847
2886,1212,8847
2887,834,8851
2888,858,8851
2889,915,8851
2890,1093,8851
2891,1147,8851
2892,1329,8851
2893,716,8852
2894,844,8854
2895,1273,8854
2896,813,8856
2897,876,8856
2898,880,8856
2899,903,8856
2900,1005,8856
2901,1094,8856
2902,1167,8856
2903,1330,8856
2904,1032,8900
2905,1328,8900
2906,876,8913
2907,1005,8913
2908,1094,8913
2909,1330,8913
2910,876,8919
2911,1005,8919
2912,1094,8919
2913,1330,8919
2914,832,8948
2915,904,8948
2916,638,8950
2917,1152,8957
2918,1152,8969
2919,675,8986
2920,841,8991
2921,596,9009
2922,844,9010
2923,1273,9010
2924,1152,9015
2925,727,9017
2926,1032,9022
2927,1328,9022
2928,755,9053
2929,805,9053
2930,864,9053
2931,1212,9053
2932,755,9054
2933,805,9054
2934,864,9054
2935,1212,9054
2936,813,9055
2937,876,9055
2938,880,9055
2939,903,9055
2940,1005,9055
2941,1094,9055
2942,1167,9055
2943,1330,9055
2944,813,9058
2945,876,9058
2946,880,9058
2947,903,9058
2948,1005,9058
2949,1094,9058
2950,1167,9058
2951,1330,9058
2952,856,9080
2953,1152,9083
2954,926,9090
2955,1375,9090
2956,588,9091
2957,654,9091
2958,882,9091
2959,834,9092
2960,858,9092
2961,915,9092
2962,1093,9092
2963,1147,9092
2964,1329,9092
2965,859,9093
2966,916,9093
2967,860,9100
2968,863,9100
2969,860,9101
2970,1152,9109
2971,1152,9115
2972,1032,9122
2973,1328,9122
2974,920,9132
2975,1327,9132
2976,876,9133
2977,1005,9133
2978,1094,9133
2979,1152,9133
2980,1330,9133
2981,1152,9135
2982,711,9138
2983,588,9155
2984,654,9155
2985,882,9155
2986,1364,9195
2987,771,9257
2988,893,9297
2989,1123,9301
2990,699,9307
2991,931,9307
2992,580,9321
2993,801,9321
2994,821,9321
2995,842,9321
2996,843,9321
2997,1035,9321
2998,1141,9321
2999,1247,9321
3000,832,9329
3001,904,9329
3002,905,9329
3003,906,9329
3004,876,9366
3005,1005,9366
3006,1094,9366
3007,1330,9366
3008,1152,9370
3009,926,9377
3010,1375,9377
3011,588,9379
3012,654,9379
3013,882,9379
3014,834,9380
3015,858,9380
3016,915,9380
3017,1093,9380
3018,1147,9380
3019,1329,9380
3020,858,9381
3021,859,9381
3022,915,9381
3023,916,9381
3024,834,9382
3025,858,9382
3026,859,9382
3027,915,9382
3028,916,9382
3029,1093,9382
3030,1147,9382
3031,1329,9382
3032,926,9429
3033,699,9442
3034,931,9442
3035,638,9464
3036,727,9465
3037,1032,9468
3038,1328,9468
3039,955,9479
3040,954,9480
3041,955,9480
3042,926,9490
3043,755,9492
3044,805,9492
3045,813,9492
3046,864,9492
3047,876,9492
3048,880,9492
3049,903,9492
3050,1005,9492
3051,1094,9492
3052,1167,9492
3053,1212,9492
3054,1330,9492
3055,755,9493
3056,805,9493
3057,864,9493
3058,1212,9493
3059,755,9494
3060,805,9494
3061,864,9494
3062,1212,9494
3063,813,9496
3064,876,9496
3065,880,9496
3066,903,9496
3067,1005,9496
3068,1094,9496
3069,1167,9496
3070,1330,9496
3071,1152,9497
3072,959,9505
3073,1130,9505
3074,1155,9505
3075,1223,9505
3076,1307,9505
3077,1348,9505
3078,876,9539
3079,1005,9539
3080,1094,9539
3081,1152,9539
3082,1330,9539
3083,1105,9552
3084,1106,9552
3085,1334,9552
3086,1335,9552
3087,1152,9597
3088,1375,9597
3089,1297,9612
3090,1298,9612
3091,876,9613
3092,1005,9613
3093,1094,9613
3094,1330,9613
3095,1032,9624
3096,1327,9624
3097,1328,9624
3098,876,9637
3099,1005,9637
3100,1094,9637
3101,1330,9637
3102,965,9650
3103,966,9650
3104,967,9650
3105,968,9650
3106,1342,9650
3107,639,9655
3108,640,9655
3109,723,9655
3110,725,9655
3111,786,9655
3112,787,9655
3113,789,9655
3114,969,9655
3115,971,9655
3116,639,9657
3117,640,9657
3118,723,9657
3119,786,9657
3120,789,9657
3121,969,9657
3122,1152,9665
3123,1152,9669
3124,1297,9671
3125,1298,9671
3126,1064,9706
3127,876,9712
3128,914,9712
3129,1005,9712
3130,1094,9712
3131,1144,9712
3132,1330,9712
3133,982,9718
3134,701,9748
3135,771,9750
3136,1220,9753
3137,1221,9753
3138,1220,9755
3139,987,9756
3140,988,9756
3141,989,9756
3142,1000,9790
3143,1036,9790
3144,1062,9790
3145,1006,9812
3146,1297,9820
3147,1298,9820
3148,1007,9833
3149,1009,9833
3150,1343,9833
3151,1017,9861
3152,1337,9886
3153,588,9896
3154,654,9896
3155,882,9896
3156,701,9910
3157,588,9912
3158,654,9912
3159,882,9912
3160,588,9913
3161,654,9913
3162,882,9913
3163,711,9915
3164,876,9915
3165,1005,9915
3166,1094,9915
3167,1330,9915
3168,588,9918
3169,654,9918
3170,666,9918
3171,734,9918
3172,807,9918
3173,882,9918
3174,1020,9935
3175,588,9958
3176,654,9958
3177,882,9958
3178,1276,9969
3179,1016,9976
3180,588,9980
3181,654,9980
3182,882,9980
3183,1321,9985
3184,638,9998
3185,926,10020
3186,956,10026
3187,1025,10026
3188,711,10037
3189,876,10037
3190,1005,10037
3191,1094,10037
3192,1330,10037
3193,1152,10047
3194,1297,10052
3195,1298,10052
3196,813,10053
3197,876,10053
3198,880,10053
3199,903,10053
3200,1005,10053
3201,1094,10053
3202,1167,10053
3203,1330,10053
3204,813,10054
3205,876,10054
3206,880,10054
3207,903,10054
3208,1005,10054
3209,1094,10054
3210,1167,10054
3211,1330,10054
3212,588,10055
3213,654,10055
3214,666,10055
3215,734,10055
3216,807,10055
3217,813,10055
3218,876,10055
3219,880,10055
3220,882,10055
3221,903,10055
3222,1005,10055
3223,1094,10055
3224,1167,10055
3225,1330,10055
3226,813,10056
3227,876,10056
3228,880,10056
3229,903,10056
3230,1005,10056
3231,1094,10056
3232,1167,10056
3233,1330,10056
3234,1239,10057
3235,588,10064
3236,654,10064
3237,666,10064
3238,734,10064
3239,807,10064
3240,813,10064
3241,876,10064
3242,880,10064
3243,882,10064
3244,903,10064
3245,1005,10064
3246,1094,10064
3247,1167,10064
3248,1330,10064
3249,1031,10065
3250,1239,10065
3251,701,10067
3252,1375,10075
3253,976,10086
3254,979,10086
3255,1364,10086
3256,876,10093
3257,1005,10093
3258,1094,10093
3259,1330,10093
3260,1337,10116
3261,584,10118
3262,1000,10121
3263,1036,10121
3264,1062,10121
3265,1000,10122
3266,1036,10122
3267,1062,10122
3268,1152,10143
3269,1152,10144
3270,1000,10148
3271,1017,10148
3272,1036,10148
3273,1062,10148
3274,876,10149
3275,1005,10149
3276,1094,10149
3277,1330,10149
3278,876,10158
3279,1005,10158
3280,1040,10158
3281,1041,10158
3282,1094,10158
3283,1330,10158
3284,768,10182
3285,828,10182
3286,1152,10189
3287,1297,10194
3288,1298,10194
3289,1152,10198
3290,755,10200
3291,805,10200
3292,813,10200
3293,864,10200
3294,876,10200
3295,880,10200
3296,903,10200
3297,1005,10200
3298,1094,10200
3299,1167,10200
3300,1212,10200
3301,1330,10200
3302,1297,10201
3303,1298,10201
3304,813,10202
3305,876,10202
3306,880,10202
3307,903,10202
3308,1005,10202
3309,1094,10202
3310,1152,10202
3311,1167,10202
3312,1330,10202
3313,813,10203
3314,876,10203
3315,880,10203
3316,903,10203
3317,1005,10203
3318,1094,10203
3319,1152,10203
3320,1167,10203
3321,1330,10203
3322,755,10204
3323,805,10204
3324,864,10204
3325,1212,10204
3326,716,10205
3327,716,10206
3328,1045,10209
3329,1045,10213
3330,712,10227
3331,753,10227
3332,754,10227
3333,791,10227
3334,793,10227
3335,1050,10227
3336,651,10234
3337,688,10234
3338,716,10234
3339,717,10234
3340,772,10241
3341,773,10241
3342,1064,10245
3343,1081,10245
3344,746,10279
3345,747,10279
3346,588,10308
3347,654,10308
3348,882,10308
3349,1273,10311
3350,1273,10312
3351,1273,10313
3352,1273,10314
3353,1273,10319
3354,1093,10325
3355,876,10358
3356,937,10358
3357,1005,10358
3358,1094,10358
3359,1144,10358
3360,1330,10358
3361,1207,10359
3362,1032,10368
3363,1328,10368
3364,1327,10376
3365,876,10377
3366,1005,10377
3367,1094,10377
3368,1152,10377
3369,1330,10377
3370,1032,10380
3371,1328,10380
3372,803,10385
3373,920,10385
3374,876,10388
3375,1005,10388
3376,1094,10388
3377,1330,10388
3378,1327,10426
3379,755,10433
3380,805,10433
3381,864,10433
3382,1212,10433
3383,755,10434
3384,805,10434
3385,813,10434
3386,864,10434
3387,876,10434
3388,880,10434
3389,903,10434
3390,1005,10434
3391,1094,10434
3392,1167,10434
3393,1212,10434
3394,1330,10434
3395,1297,10435
3396,1298,10435
3397,813,10436
3398,880,10436
3399,903,10436
3400,1167,10436
3401,813,10437
3402,876,10437
3403,880,10437
3404,903,10437
3405,1005,10437
3406,1094,10437
3407,1167,10437
3408,1330,10437
3409,813,10438
3410,876,10438
3411,880,10438
3412,903,10438
3413,1005,10438
3414,1094,10438
3415,1167,10438
3416,1330,10438
3417,712,10443
3418,713,10443
3419,714,10443
3420,715,10443
3421,753,10443
3422,793,10443
3423,1050,10443
3424,784,10456
3425,785,10456
3426,982,10459
3427,782,10463
3428,783,10463
3429,1239,10466
3430,817,10473
3431,818,10473
3432,819,10473
3433,820,10473
3434,778,10474
3435,779,10474
3436,780,10474
3437,781,10474
3438,799,10474
3439,941,10474
3440,979,10479
3441,895,10489
3442,896,10489
3443,897,10489
3444,898,10489
3445,899,10489
3446,919,10489
3447,646,10498
3448,1123,10505
3449,1123,10506
3450,1123,10520
3451,1123,10525
3452,638,10565
3453,1017,10576
3454,1104,10578
3455,1105,10578
3456,1106,10578
3457,1333,10578
3458,1334,10578
3459,1335,10578
3460,666,10633
3461,734,10633
3462,807,10633
3463,984,10650
3464,1024,10650
3465,1111,10650
3466,1357,10650
3467,984,10651
3468,1024,10651
3469,1111,10651
3470,1357,10651
3471,584,10670
3472,584,10674
3473,1142,10674
3474,659,10679
3475,659,10680
3476,1152,10683
3477,712,10684
3478,753,10684
3479,754,10684
3480,793,10684
3481,1050,10684
3482,1113,10724
3483,1113,10725
3484,1114,10725
3485,1017,10756
3486,1119,10777
3487,1261,10777
3488,1121,10791
3489,1122,10791
3490,1123,10791
3491,1000,10802
3492,1017,10802
3493,1036,10802
3494,1062,10802
3495,1297,10872
3496,1298,10872
3497,1297,10887
3498,1298,10887
3499,772,10934
3500,773,10934
3501,959,10937
3502,1126,10937
3503,1129,10937
3504,1130,10937
3505,1155,10937
3506,1222,10937
3507,1223,10937
3508,1307,10937
3509,1348,10937
3510,867,10943
3511,868,10943
3512,869,10943
3513,870,10943
3514,871,10943
3515,872,10943
3516,1142,10981
3517,1142,10982
3518,1297,10986
3519,1298,10986
3520,813,11004
3521,880,11004
3522,903,11004
3523,1167,11004
3524,1327,11042
3525,584,11045
3526,1142,11045
3527,584,11046
3528,876,11052
3529,1005,11052
3530,1094,11052
3531,1142,11052
3532,1330,11052
3533,876,11053
3534,1005,11053
3535,1094,11053
3536,1142,11053
3537,1330,11053
3538,1327,11098
3539,958,11119
3540,1021,11123
3541,1022,11123
3542,711,11140
3543,755,11157
3544,805,11157
3545,864,11157
3546,1212,11157
3547,1140,11158
3548,1308,11158
3549,770,11168
3550,1016,11174
3551,1017,11174
3552,772,11187
3553,773,11187
3554,959,11191
3555,1126,11191
3556,1129,11191
3557,1130,11191
3558,1155,11191
3559,1222,11191
3560,1223,11191
3561,1307,11191
3562,1348,11191
3563,893,11202
3564,894,11202
3565,726,11230
3566,1297,11240
3567,1298,11240
3568,1297,11252
3569,1298,11252
3570,1297,11255
3571,1298,11255
3572,1032,11284
3573,1328,11284
3574,1086,11285
3575,1161,11285
3576,1364,11285
3577,1365,11285
3578,1086,11286
3579,1161,11286
3580,1364,11286
3581,1365,11286
3582,1086,11287
3583,1161,11287
3584,1364,11287
3585,1365,11287
3586,1162,11295
3587,651,11300
3588,688,11300
3589,717,11300
3590,988,11337
3591,1047,11337
3592,1048,11337
3593,1172,11337
3594,1173,11337
3595,1353,11337
3596,1354,11337
3597,1175,11350
3598,876,11439
3599,1004,11439
3600,1005,11439
3601,1094,11439
3602,1330,11439
3603,1196,11442
3604,1327,11481
3605,587,11484
3606,652,11484
3607,588,11485
3608,654,11485
3609,882,11485
3610,1297,11507
3611,1298,11507
3612,1297,11508
3613,755,11593
3614,805,11593
3615,864,11593
3616,1212,11593
3617,755,11594
3618,805,11594
3619,864,11594
3620,1212,11594
3621,755,11598
3622,805,11598
3623,864,11598
3624,1212,11598
3625,755,11602
3626,805,11602
3627,864,11602
3628,1212,11602
3629,755,11605
3630,805,11605
3631,864,11605
3632,1212,11605
3633,755,11606
3634,805,11606
3635,864,11606
3636,1212,11606
3637,1077,11610
3638,1216,11648
3639,1134,11649
3640,1327,11650
3641,755,11653
3642,805,11653
3643,864,11653
3644,1212,11653
3645,1220,11712
3646,1221,11712
3647,1220,11713
3648,1221,11713
3649,1220,11716
3650,1221,11716
3651,959,11730
3652,1126,11730
3653,1127,11730
3654,1128,11730
3655,1129,11730
3656,1130,11730
3657,1155,11730
3658,1222,11730
3659,1223,11730
3660,1307,11730
3661,1348,11730
3662,1122,11733
3663,959,11734
3664,1130,11734
3665,1155,11734
3666,1223,11734
3667,1307,11734
3668,1348,11734
3669,959,11744
3670,1126,11744
3671,1129,11744
3672,1130,11744
3673,1155,11744
3674,1222,11744
3675,1223,11744
3676,1307,11744
3677,1348,11744
3678,856,11766
3679,857,11766
3680,1224,11768
3681,1275,11768
3682,1225,11800
3683,1225,11801
3684,1226,11801
3685,1225,11802
3686,1226,11802
3687,1225,11803
3688,1226,11803
3689,1337,11855
3690,755,11945
3691,805,11945
3692,864,11945
3693,1212,11945
3694,1152,11962
3695,1152,11965
3696,1121,11985
3697,1136,11998
3698,1137,11998
3699,1000,12001
3700,1036,12001
3701,1062,12001
3702,1239,12011
3703,1136,12016
3704,1137,12016
3705,1239,12030
3706,1241,12119
3707,1241,12122
3708,1241,12123
3709,1241,12124
3710,1241,12125
3711,1241,12126
3712,1241,12127
3713,1241,12128
3714,1241,12129
3715,1241,12130
3716,1241,12131
3717,1110,12138
3718,1149,12138
3719,1138,12147
3720,1246,12147
3721,812,12148
3722,638,12156
3723,958,12195
3724,1327,12195
3725,876,12203
3726,1005,12203
3727,1094,12203
3728,1330,12203
3729,1032,12205
3730,1327,12205
3731,1328,12205
3732,876,12216
3733,1005,12216
3734,1094,12216
3735,1193,12216
3736,1330,12216
3737,876,12224
3738,1005,12224
3739,1094,12224
3740,1330,12224
3741,1146,12228
3742,1147,12228
3743,1148,12228
3744,1329,12228
3745,876,12246
3746,914,12246
3747,1005,12246
3748,1094,12246
3749,1330,12246
3750,876,12261
3751,1005,12261
3752,1094,12261
3753,1327,12261
3754,1330,12261
3755,1297,12321
3756,1298,12321
3757,1264,12325
3758,1370,12327
3759,1268,12358
3760,1269,12358
3761,1269,12368
3762,1000,12413
3763,1036,12413
3764,1062,12413
3765,1207,12415
3766,1209,12415
3767,1276,12417
3768,1000,12422
3769,1017,12422
3770,1036,12422
3771,1062,12422
3772,1137,12433
3773,1327,12498
3774,1158,12499
3775,1297,12507
3776,1298,12507
3777,813,12518
3778,878,12518
3779,880,12518
3780,903,12518
3781,1167,12518
3782,961,12535
3783,1283,12549
3784,1284,12549
3785,1283,12550
3786,1284,12550
3787,1285,12574
3788,1176,12575
3789,1285,12575
3790,644,12576
3791,1176,12576
3792,1285,12576
3793,1286,12576
3794,1175,12579
3795,1176,12581
3796,644,12596
3797,1286,12596
3798,644,12597
3799,1286,12597
3800,1110,12627
3801,1149,12627
3802,1289,12659
3803,1377,12659
3804,1289,12660
3805,1377,12660
3806,1202,12670
3807,1203,12670
3808,1287,12670
3809,1288,12670
3810,1131,12680
3811,1132,12680
3812,1133,12680
3813,1192,12691
3814,1193,12691
3815,1290,12695
3816,1292,12695
3817,1146,12706
3818,1147,12706
3819,1148,12706
3820,1329,12706
3821,1297,12721
3822,1298,12721
3823,1297,12722
3824,1298,12722
3825,580,12724
3826,801,12724
3827,821,12724
3828,843,12724
3829,1138,12724
3830,1139,12724
3831,1140,12724
3832,1141,12724
3833,1246,12724
3834,1247,12724
3835,1308,12724
3836,1297,12725
3837,1298,12725
3838,1297,12726
3839,1298,12726
3840,1297,12729
3841,1298,12729
3842,1136,12730
3843,1101,12732
3844,1217,12732
3845,1140,12791
3846,1308,12791
3847,1140,12792
3848,1308,12792
3849,1142,12823
3850,1312,12842
3851,1316,12892
3852,1316,12893
3853,814,12937
3854,1204,12968
3855,1205,12968
3856,580,12969
3857,801,12969
3858,821,12969
3859,843,12969
3860,1138,12969
3861,1139,12969
3862,1140,12969
3863,1141,12969
3864,1246,12969
3865,1247,12969
3866,1308,12969
3867,1137,12990
3868,1115,13003
3869,1110,13016
3870,1149,13016
3871,1140,13026
3872,1308,13026
3873,755,13060
3874,805,13060
3875,864,13060
3876,1212,13060
3877,1297,13060
3878,1298,13060
3879,1297,13062
3880,1298,13062
3881,1297,13065
3882,1298,13065
3883,848,13069
3884,632,13072
3885,716,13072
3886,666,13077
3887,734,13077
3888,807,13077
3889,716,13079
3890,1104,13113
3891,1333,13113
3892,1104,13114
3893,1105,13114
3894,1106,13114
3895,1333,13114
3896,1334,13114
3897,1335,13114
3898,1337,13127
3899,1281,13154
3900,1344,13154
3901,1345,13154
3902,960,13159
3903,959,13160
3904,1130,13160
3905,1153,13160
3906,1154,13160
3907,1155,13160
3908,1223,13160
3909,1307,13160
3910,1347,13160
3911,1348,13160
3912,588,13206
3913,654,13206
3914,882,13206
3915,588,13207
3916,654,13207
3917,882,13207
3918,984,13207
3919,1024,13207
3920,1111,13207
3921,1357,13207
3922,1086,13254
3923,1161,13254
3924,1364,13254
3925,1365,13254
3926,1086,13255
3927,1161,13255
3928,1364,13255
3929,1365,13255
3930,1086,13256
3931,1161,13256
3932,1364,13256
3933,1365,13256
3934,1368,13267
3935,1368,13268
3936,1368,13272
3937,1213,13273
3938,1368,13274
3939,1368,13275
3940,710,13283
3941,1373,13285
3942,651,13288
3943,688,13288
3944,716,13288
3945,717,13288
3946,711,13290
3947,665,13291
3948,1051,13291
3949,1052,13291
3950,1053,13291
3951,1054,13291
3952,1055,13291
3953,1374,13291
3954,665,13292
3955,1052,13292
3956,1373,13292
3957,711,13294
3958,1053,13294
3959,1054,13294
3960,1374,13294
3961,1053,13295
3962,1054,13295
3963,1055,13295
3964,1373,13295
3965,1374,13295
3966,1273,13296
3967,711,13299
3968,262,7356
3969,267,7360
3970,262,7361
3971,335,7361
3972,67,7389
3973,304,7389
3974,552,7389
3975,552,7390
3976,108,7399
3977,9,7407
3978,349,7415
3979,313,7424
3980,359,7429
3981,117,7442
3982,349,7447
3983,216,7448
3984,349,7448
3985,267,7508
3986,313,7530
3987,244,7539
3988,399,7539
3989,245,7541
3990,117,7564
3991,469,7564
3992,367,7567
3993,307,7575
3994,8,7576
3995,17,7576
3996,8,7587
3997,17,7587
3998,36,7634
3999,267,7646
4000,245,7654
4001,267,7654
4002,313,7654
4003,267,7655
4004,44,7668
4005,271,7668
4006,289,7692
4007,323,7728
4008,447,7743
4009,267,7751
4010,96,7768
4011,136,7772
4012,31,7774
4013,136,7774
4014,31,7775
4015,136,7775
4016,291,7785
4017,359,7801
4018,341,7805
4019,359,7805
4020,341,7807
4021,13,7814
4022,67,7814
4023,304,7814
4024,67,7815
4025,304,7815
4026,235,7829
4027,117,7851
4028,244,7877
4029,399,7877
4030,481,7887
4031,573,7887
4032,117,7889
4033,469,7889
4034,520,7889
4035,117,7890
4036,89,7891
4037,117,7891
4038,187,7891
4039,469,7891
4040,554,7896
4041,118,7914
4042,299,7914
4043,313,7917
4044,313,7918
4045,481,7919
4046,117,7921
4047,399,7923
4048,492,7923
4049,28,7935
4050,399,7935
4051,399,7938
4052,552,7938
4053,399,7939
4054,399,7940
4055,241,7941
4056,324,7941
4057,340,7941
4058,399,7941
4059,552,7941
4060,174,7942
4061,365,7942
4062,399,7942
4063,552,7942
4064,469,7961
4065,520,7961
4066,533,7962
4067,533,7963
4068,397,7979
4069,397,7980
4070,280,7992
4071,514,8038
4072,117,8039
4073,89,8040
4074,117,8040
4075,187,8040
4076,469,8040
4077,89,8041
4078,117,8041
4079,187,8041
4080,469,8041
4081,514,8041
4082,154,8042
4083,413,8042
4084,117,8043
4085,344,8043
4086,8,8046
4087,153,8046
4088,150,8047
4089,317,8048
4090,399,8048
4091,312,8049
4092,520,8080
4093,469,8081
4094,520,8081
4095,117,8083
4096,344,8083
4097,117,8084
4098,262,8084
4099,469,8084
4100,520,8084
4101,153,8100
4102,549,8112
4103,469,8114
4104,267,8117
4105,267,8118
4106,549,8119
4107,519,8128
4108,473,8129
4109,31,8130
4110,136,8130
4111,28,8133
4112,28,8143
4113,117,8163
4114,262,8165
4115,199,8173
4116,533,8181
4117,533,8182
4118,533,8183
4119,89,8190
4120,117,8190
4121,187,8190
4122,469,8190
4123,89,8191
4124,117,8191
4125,187,8191
4126,469,8191
4127,514,8191
4128,485,8194
4129,511,8194
4130,399,8198
4131,485,8198
4132,511,8198
4133,419,8202
4134,469,8202
4135,117,8203
4136,469,8203
4137,481,8246
4138,519,8268
4139,288,8273
4140,184,8283
4141,185,8283
4142,419,8313
4143,520,8318
4144,117,8319
4145,469,8319
4146,520,8319
4147,419,8323
4148,117,8324
4149,419,8324
4150,520,8324
4151,117,8325
4152,117,8326
4153,469,8326
4154,267,8337
4155,525,8337
4156,533,8347
4157,258,8355
4158,244,8383
4159,399,8383
4160,267,8411
4161,507,8412
4162,507,8413
4163,269,8414
4164,507,8414
4165,267,8417
4166,507,8418
4167,267,8419
4168,411,8420
4169,267,8421
4170,205,8430
4171,233,8430
4172,565,8430
4173,233,8431
4174,469,8431
4175,117,8433
4176,89,8435
4177,117,8435
4178,187,8435
4179,469,8435
4180,89,8436
4181,117,8436
4182,187,8436
4183,469,8436
4184,514,8436
4185,89,8443
4186,406,8445
4187,465,8446
4188,468,8446
4189,469,8446
4190,494,8446
4191,520,8450
4192,117,8485
4193,399,8485
4194,28,8497
4195,83,8508
4196,117,8508
4197,354,8508
4198,170,8519
4199,170,8525
4200,22,8529
4201,473,8533
4202,109,8547
4203,109,8551
4204,287,8551
4205,287,8561
4206,533,8593
4207,533,8595
4208,514,8600
4209,117,8602
4210,31,8614
4211,128,8614
4212,136,8614
4213,85,8615
4214,520,8615
4215,67,8617
4216,304,8617
4217,513,8618
4218,67,8619
4219,304,8619
4220,262,8625
4221,469,8626
4222,514,8626
4223,32,8627
4224,151,8628
4225,285,8630
4226,46,8633
4227,151,8634
4228,285,8634
4229,244,8647
4230,399,8647
4231,157,8689
4232,519,8689
4233,233,8702
4234,363,8702
4235,360,8705
4236,360,8706
4237,469,8706
4238,179,8707
4239,117,8708
4240,89,8710
4241,117,8710
4242,187,8710
4243,469,8710
4244,514,8710
4245,89,8711
4246,117,8711
4247,187,8711
4248,469,8711
4249,520,8718
4250,554,8724
4251,565,8745
4252,513,8750
4253,85,8765
4254,520,8765
4255,89,8778
4256,317,8796
4257,317,8797
4258,28,8806
4259,399,8806
4260,514,8819
4261,117,8824
4262,31,8825
4263,117,8825
4264,128,8825
4265,89,8826
4266,117,8826
4267,187,8826
4268,469,8826
4269,117,8827
4270,469,8827
4271,520,8827
4272,36,8832
4273,89,8832
4274,148,8832
4275,341,8836
4276,469,8836
4277,520,8837
4278,419,8839
4279,469,8839
4280,540,8844
4281,419,8845
4282,469,8845
4283,514,8845
4284,419,8846
4285,469,8846
4286,514,8846
4287,419,8847
4288,469,8847
4289,514,8847
4290,129,8848
4291,117,8850
4292,469,8850
4293,28,8854
4294,419,8856
4295,469,8856
4296,360,8875
4297,469,8875
4298,514,8876
4299,117,8879
4300,89,8881
4301,117,8881
4302,187,8881
4303,469,8881
4304,89,8882
4305,117,8882
4306,187,8882
4307,469,8882
4308,514,8882
4309,168,8895
4310,193,8895
4311,520,8897
4312,117,8900
4313,514,8900
4314,109,8907
4315,469,8913
4316,9,8918
4317,469,8918
4318,334,8919
4319,423,8919
4320,428,8919
4321,469,8919
4322,258,8921
4323,299,8921
4324,537,8921
4325,540,8921
4326,7,8948
4327,342,8948
4328,85,8957
4329,520,8957
4330,102,8961
4331,543,8962
4332,85,8969
4333,520,8969
4334,118,8978
4335,233,8985
4336,363,8985
4337,136,8986
4338,136,8991
4339,428,8992
4340,136,9009
4341,182,9013
4342,85,9015
4343,520,9015
4344,514,9016
4345,187,9017
4346,89,9019
4347,117,9019
4348,187,9019
4349,469,9019
4350,154,9020
4351,413,9020
4352,267,9034
4353,419,9053
4354,469,9053
4355,514,9053
4356,419,9054
4357,469,9054
4358,514,9054
4359,419,9055
4360,469,9055
4361,514,9055
4362,419,9058
4363,469,9058
4364,341,9060
4365,54,9069
4366,341,9069
4367,414,9069
4368,285,9080
4369,520,9083
4370,44,9090
4371,271,9090
4372,511,9090
4373,313,9091
4374,117,9103
4375,399,9103
4376,85,9109
4377,520,9109
4378,3,9110
4379,481,9110
4380,184,9111
4381,185,9111
4382,244,9113
4383,85,9115
4384,520,9115
4385,271,9118
4386,465,9118
4387,344,9122
4388,358,9129
4389,89,9130
4390,117,9130
4391,187,9130
4392,469,9130
4393,148,9132
4394,469,9133
4395,520,9133
4396,85,9135
4397,520,9135
4398,174,9138
4399,365,9138
4400,399,9138
4401,552,9138
4402,399,9147
4403,365,9148
4404,399,9148
4405,554,9155
4406,174,9159
4407,399,9159
4408,174,9160
4409,312,9180
4410,223,9183
4411,497,9183
4412,552,9183
4413,389,9191
4414,117,9206
4415,272,9257
4416,375,9257
4417,272,9258
4418,563,9258
4419,278,9263
4420,223,9268
4421,497,9268
4422,552,9268
4423,235,9310
4424,361,9310
4425,136,9321
4426,7,9329
4427,125,9347
4428,360,9366
4429,85,9370
4430,520,9370
4431,44,9377
4432,271,9377
4433,511,9377
4434,313,9379
4435,136,9381
4436,136,9382
4437,244,9428
4438,44,9429
4439,209,9429
4440,244,9429
4441,136,9437
4442,136,9438
4443,561,9438
4444,75,9442
4445,90,9456
4446,448,9456
4447,477,9456
4448,187,9465
4449,89,9466
4450,117,9466
4451,187,9466
4452,469,9466
4453,523,9467
4454,107,9477
4455,129,9480
4456,241,9489
4457,365,9489
4458,399,9489
4459,44,9490
4460,209,9490
4461,419,9492
4462,469,9492
4463,514,9492
4464,419,9493
4465,469,9493
4466,514,9493
4467,419,9494
4468,469,9494
4469,514,9494
4470,129,9495
4471,514,9495
4472,419,9496
4473,469,9496
4474,85,9497
4475,520,9497
4476,117,9532
4477,117,9534
4478,89,9536
4479,117,9536
4480,187,9536
4481,469,9536
4482,514,9536
4483,117,9539
4484,469,9539
4485,520,9539
4486,257,9548
4487,547,9560
4488,117,9595
4489,117,9596
4490,117,9597
4491,511,9597
4492,520,9597
4493,117,9602
4494,251,9602
4495,89,9603
4496,117,9603
4497,251,9603
4498,117,9612
4499,469,9612
4500,89,9614
4501,117,9614
4502,187,9614
4503,469,9614
4504,465,9638
4505,200,9639
4506,89,9642
4507,254,9644
4508,24,9648
4509,25,9648
4510,55,9648
4511,357,9648
4512,407,9648
4513,426,9648
4514,447,9649
4515,296,9650
4516,85,9665
4517,520,9669
4518,549,9671
4519,419,9672
4520,543,9672
4521,424,9673
4522,533,9673
4523,577,9673
4524,424,9674
4525,533,9674
4526,577,9674
4527,424,9675
4528,533,9675
4529,543,9675
4530,348,9684
4531,176,9693
4532,177,9693
4533,519,9693
4534,155,9699
4535,155,9700
4536,519,9700
4537,266,9706
4538,218,9712
4539,360,9712
4540,469,9712
4541,138,9718
4542,357,9748
4543,272,9750
4544,375,9750
4545,73,9752
4546,351,9752
4547,460,9790
4548,504,9811
4549,465,9812
4550,468,9812
4551,572,9812
4552,254,9813
4553,391,9813
4554,49,9816
4555,204,9816
4556,527,9820
4557,265,9833
4558,553,9834
4559,271,9870
4560,306,9871
4561,552,9871
4562,317,9885
4563,317,9889
4564,317,9891
4565,185,9896
4566,117,9908
4567,485,9908
4568,340,9913
4569,502,9913
4570,136,9915
4571,241,9915
4572,271,9916
4573,129,9918
4574,117,9923
4575,399,9923
4576,485,9923
4577,69,9935
4578,200,9935
4579,305,9935
4580,117,9943
4581,399,9943
4582,485,9943
4583,117,9946
4584,184,9958
4585,184,9980
4586,340,9980
4587,502,9980
4588,117,9994
4589,485,9994
4590,136,10000
4591,136,10001
4592,117,10007
4593,485,10007
4594,136,10022
4595,561,10022
4596,117,10027
4597,485,10027
4598,136,10036
4599,136,10037
4600,241,10037
4601,317,10037
4602,469,10037
4603,561,10037
4604,485,10038
4605,117,10043
4606,399,10043
4607,485,10043
4608,485,10046
4609,85,10047
4610,520,10047
4611,485,10051
4612,129,10052
4613,469,10052
4614,514,10052
4615,129,10053
4616,129,10054
4617,129,10055
4618,419,10056
4619,469,10056
4620,343,10057
4621,129,10064
4622,343,10065
4623,485,10068
4624,254,10074
4625,485,10075
4626,89,10076
4627,9,10081
4628,23,10081
4629,251,10081
4630,519,10081
4631,569,10081
4632,81,10084
4633,157,10084
4634,176,10084
4635,177,10084
4636,119,10085
4637,157,10085
4638,176,10085
4639,314,10085
4640,519,10087
4641,520,10092
4642,469,10093
4643,399,10096
4644,399,10105
4645,117,10113
4646,460,10121
4647,234,10122
4648,511,10127
4649,539,10127
4650,19,10140
4651,116,10141
4652,116,10142
4653,367,10143
4654,520,10143
4655,85,10144
4656,520,10144
4657,403,10148
4658,469,10149
4659,85,10151
4660,485,10153
4661,511,10153
4662,469,10158
4663,89,10162
4664,117,10162
4665,187,10162
4666,469,10162
4667,85,10189
4668,533,10190
4669,549,10194
4670,419,10195
4671,543,10195
4672,424,10196
4673,533,10196
4674,577,10196
4675,310,10197
4676,533,10197
4677,85,10198
4678,520,10198
4679,419,10199
4680,469,10199
4681,514,10199
4682,419,10200
4683,469,10200
4684,129,10201
4685,469,10201
4686,514,10201
4687,129,10202
4688,419,10202
4689,469,10202
4690,514,10202
4691,520,10202
4692,129,10203
4693,419,10203
4694,469,10203
4695,520,10203
4696,85,10204
4697,35,10209
4698,473,10209
4699,538,10213
4700,533,10227
4701,266,10245
4702,161,10249
4703,117,10265
4704,328,10265
4705,372,10265
4706,307,10267
4707,307,10269
4708,28,10279
4709,23,10288
4710,117,10288
4711,251,10288
4712,117,10289
4713,251,10289
4714,136,10301
4715,520,10302
4716,117,10304
4717,399,10304
4718,185,10308
4719,28,10311
4720,28,10312
4721,28,10313
4722,28,10314
4723,28,10319
4724,271,10319
4725,19,10332
4726,367,10337
4727,106,10349
4728,514,10356
4729,330,10358
4730,520,10365
4731,138,10367
4732,175,10370
4733,218,10372
4734,360,10372
4735,469,10372
4736,89,10373
4737,117,10373
4738,187,10373
4739,469,10373
4740,89,10376
4741,117,10376
4742,469,10377
4743,520,10377
4744,520,10378
4745,402,10381
4746,469,10381
4747,36,10385
4748,262,10385
4749,469,10388
4750,117,10389
4751,117,10390
4752,254,10396
4753,391,10396
4754,244,10405
4755,399,10405
4756,31,10411
4757,136,10411
4758,117,10423
4759,485,10423
4760,129,10431
4761,514,10431
4762,419,10432
4763,469,10432
4764,514,10432
4765,419,10433
4766,469,10433
4767,514,10433
4768,129,10435
4769,469,10435
4770,514,10435
4771,129,10436
4772,129,10437
4773,419,10438
4774,469,10438
4775,329,10439
4776,430,10440
4777,439,10440
4778,459,10440
4779,498,10440
4780,233,10441
4781,363,10441
4782,533,10443
4783,294,10444
4784,427,10444
4785,463,10444
4786,266,10446
4787,377,10446
4788,218,10448
4789,360,10448
4790,469,10448
4791,23,10450
4792,519,10450
4793,246,10451
4794,467,10451
4795,519,10451
4796,552,10452
4797,21,10453
4798,158,10453
4799,257,10453
4800,389,10453
4801,445,10453
4802,136,10454
4803,341,10454
4804,136,10455
4805,341,10455
4806,345,10455
4807,89,10457
4808,117,10457
4809,187,10457
4810,469,10457
4811,179,10458
4812,471,10458
4813,272,10461
4814,563,10461
4815,566,10466
4816,430,10467
4817,439,10467
4818,459,10467
4819,498,10467
4820,535,10467
4821,155,10468
4822,519,10468
4823,73,10469
4824,351,10469
4825,108,10478
4826,194,10478
4827,306,10478
4828,441,10478
4829,324,10481
4830,364,10481
4831,506,10481
4832,312,10485
4833,261,10501
4834,294,10528
4835,463,10528
4836,390,10545
4837,399,10549
4838,403,10576
4839,519,10584
4840,504,10619
4841,184,10633
4842,185,10633
4843,554,10633
4844,184,10650
4845,185,10650
4846,117,10671
4847,172,10671
4848,251,10671
4849,117,10679
4850,533,10684
4851,218,10686
4852,360,10686
4853,469,10686
4854,89,10689
4855,117,10689
4856,187,10689
4857,469,10689
4858,136,10692
4859,519,10740
4860,3,10743
4861,481,10743
4862,573,10743
4863,519,10744
4864,68,10745
4865,177,10745
4866,519,10745
4867,403,10753
4868,28,10754
4869,403,10756
4870,269,10769
4871,304,10769
4872,307,10772
4873,9,10802
4874,520,10858
4875,4,10872
4876,57,10872
4877,533,10872
4878,4,10875
4879,533,10875
4880,57,10876
4881,520,10876
4882,533,10876
4883,85,10887
4884,438,10887
4885,351,10954
4886,18,10963
4887,59,10963
4888,393,10963
4889,89,10969
4890,117,10969
4891,187,10969
4892,469,10969
4893,370,10972
4894,469,10972
4895,521,10972
4896,136,10973
4897,136,10974
4898,136,10975
4899,136,10976
4900,117,10986
4901,373,10991
4902,254,10992
4903,339,10992
4904,391,10992
4905,254,10993
4906,391,10993
4907,117,11001
4908,485,11003
4909,129,11004
4910,520,11004
4911,254,11007
4912,391,11007
4913,254,11008
4914,520,11008
4915,1,11011
4916,6,11011
4917,399,11017
4918,485,11017
4919,117,11024
4920,469,11024
4921,254,11027
4922,391,11027
4923,89,11043
4924,117,11043
4925,187,11043
4926,469,11043
4927,514,11043
4928,136,11047
4929,370,11050
4930,469,11050
4931,521,11050
4932,71,11085
4933,136,11085
4934,71,11086
4935,136,11086
4936,561,11086
4937,136,11087
4938,136,11088
4939,136,11096
4940,561,11096
4941,85,11104
4942,520,11104
4943,136,11119
4944,485,11120
4945,136,11125
4946,174,11131
4947,399,11131
4948,365,11135
4949,399,11135
4950,174,11140
4951,365,11140
4952,399,11140
4953,552,11140
4954,174,11150
4955,292,11150
4956,399,11150
4957,174,11151
4958,128,11159
4959,520,11168
4960,341,11202
4961,72,11205
4962,107,11205
4963,553,11205
4964,89,11223
4965,117,11223
4966,187,11223
4967,469,11223
4968,117,11224
4969,341,11230
4970,367,11239
4971,85,11240
4972,367,11240
4973,223,11242
4974,312,11244
4975,223,11249
4976,306,11250
4977,338,11250
4978,562,11250
4979,549,11252
4980,267,11257
4981,485,11260
4982,520,11261
4983,262,11266
4984,254,11269
4985,254,11270
4986,28,11280
4987,254,11284
4988,485,11284
4989,274,11327
4990,37,11388
4991,133,11388
4992,451,11388
4993,133,11389
4994,519,11433
4995,402,11440
4996,520,11445
4997,107,11453
4998,373,11465
4999,532,11466
5000,552,11466
5001,426,11479
5002,148,11481
5003,554,11485
5004,241,11496
5005,312,11496
5006,485,11496
5007,546,11503
5008,129,11507
5009,469,11507
5010,514,11507
5011,129,11508
5012,469,11508
5013,514,11508
5014,129,11509
5015,514,11509
5016,520,11509
5017,129,11510
5018,514,11510
5019,520,11510
5020,129,11511
5021,254,11511
5022,514,11511
5023,520,11511
5024,89,11515
5025,117,11515
5026,187,11515
5027,469,11515
5028,514,11515
5029,89,11516
5030,117,11516
5031,187,11516
5032,469,11516
5033,469,11518
5034,59,11529
5035,393,11529
5036,399,11535
5037,485,11535
5038,355,11578
5039,455,11584
5040,267,11586
5041,525,11586
5042,455,11588
5043,267,11592
5044,455,11594
5045,112,11598
5046,455,11606
5047,117,11633
5048,485,11633
5049,129,11635
5050,71,11643
5051,136,11643
5052,561,11643
5053,136,11644
5054,136,11645
5055,136,11649
5056,136,11650
5057,455,11653
5058,563,11670
5059,533,11768
5060,356,11769
5061,443,11769
5062,519,11769
5063,547,11777
5064,241,11817
5065,312,11825
5066,312,11826
5067,485,11828
5068,117,11834
5069,267,11864
5070,498,11902
5071,430,11907
5072,439,11907
5073,459,11907
5074,498,11907
5075,535,11907
5076,455,11945
5077,520,11946
5078,474,11951
5079,4,11960
5080,520,11960
5081,533,11960
5082,520,11961
5083,533,11961
5084,533,11962
5085,513,11966
5086,465,11969
5087,526,11969
5088,255,11970
5089,526,11970
5090,10,11971
5091,454,11971
5092,465,11971
5093,526,11971
5094,254,11985
5095,399,11993
5096,485,11993
5097,514,11998
5098,460,12001
5099,547,12011
5100,566,12011
5101,294,12014
5102,463,12014
5103,514,12016
5104,566,12030
5105,547,12034
5106,312,12072
5107,236,12073
5108,17,12120
5109,399,12135
5110,174,12138
5111,136,12181
5112,561,12181
5113,136,12190
5114,136,12191
5115,136,12192
5116,136,12193
5117,136,12194
5118,136,12195
5119,485,12195
5120,136,12196
5121,136,12202
5122,136,12204
5123,561,12204
5124,485,12209
5125,227,12216
5126,424,12220
5127,533,12220
5128,18,12227
5129,393,12227
5130,532,12232
5131,399,12233
5132,492,12238
5133,272,12239
5134,563,12239
5135,399,12245
5136,492,12245
5137,360,12246
5138,469,12246
5139,430,12336
5140,439,12336
5141,459,12336
5142,498,12336
5143,535,12336
5144,117,12413
5145,460,12413
5146,533,12417
5147,403,12422
5148,9,12424
5149,234,12424
5150,344,12424
5151,157,12428
5152,233,12430
5153,363,12430
5154,439,12437
5155,459,12437
5156,498,12437
5157,535,12437
5158,117,12498
5159,117,12499
5160,117,12504
5161,474,12504
5162,4,12507
5163,57,12507
5164,533,12507
5165,310,12513
5166,533,12513
5167,553,12527
5168,553,12528
5169,520,12546
5170,117,12561
5171,174,12616
5172,312,12624
5173,360,12657
5174,126,12659
5175,126,12660
5176,218,12661
5177,360,12661
5178,363,12661
5179,523,12662
5180,227,12691
5181,426,12695
5182,37,12713
5183,133,12713
5184,451,12713
5185,254,12721
5186,419,12721
5187,129,12722
5188,514,12722
5189,504,12723
5190,254,12725
5191,419,12725
5192,254,12726
5193,419,12726
5194,254,12727
5195,377,12727
5196,254,12728
5197,377,12728
5198,254,12729
5199,419,12729
5200,329,12732
5201,304,12791
5202,304,12792
5203,136,12816
5204,136,12817
5205,136,12818
5206,136,12819
5207,561,12819
5208,136,12820
5209,89,12821
5210,136,12821
5211,136,12825
5212,561,12825
5213,161,12868
5214,117,12966
5215,485,12966
5216,552,12968
5217,58,12975
5218,240,12975
5219,420,12975
5220,177,12982
5221,519,12982
5222,519,12986
5223,184,12988
5224,185,12988
5225,101,13003
5226,233,13005
5227,254,13013
5228,312,13015
5229,486,13023
5230,136,13027
5231,485,13032
5232,136,13050
5233,136,13051
5234,3,13058
5235,117,13059
5236,485,13059
5237,129,13060
5238,129,13061
5239,514,13061
5240,129,13062
5241,469,13062
5242,514,13062
5243,129,13063
5244,129,13064
5245,514,13064
5246,129,13065
5247,514,13065
5248,3,13067
5249,481,13067
5250,573,13067
5251,341,13075
5252,469,13075
5253,227,13135
5254,337,13154
5255,473,13159
5256,377,13173
5257,373,13178
5258,500,13194
5259,272,13205
5260,185,13206
5261,185,13207
5262,520,13245
5263,254,13246
5264,520,13246
5265,312,13255
5266,492,13255
5267,318,13272
5268,318,13274
5269,318,13275
5270,318,13276
5271,365,13290
5272,174,13291
5273,174,13292
5274,199,13292
5275,174,13293
5276,292,13293
5277,399,13293
5278,174,13295
5279,465,13295
5280,28,13296
5281,399,13296
5282,199,13299
5283,317,13299
